-- DEMO DATA

INSERT INTO employer (id, name, location) VALUES (1, 'Tech Innovations', 'New York');
INSERT INTO employer (id, name, location) VALUES (2, 'Global Ventures', 'San Francisco');
INSERT INTO employer (id, name, location) VALUES (3, 'Creative Solutions', 'Los Angeles');
INSERT INTO employer (id, name, location) VALUES (4, 'BlueWave Enterprises', 'Chicago');
INSERT INTO employer (id, name, location) VALUES (5, 'GreenTech Systems', 'Boston');
INSERT INTO employer (id, name, location) VALUES (6, 'Skyline Technologies', 'Austin');
INSERT INTO employer (id, name, location) VALUES (7, 'Swift Logistics', 'Seattle');
INSERT INTO employer (id, name, location) VALUES (8, 'Prime Industries', 'Dallas');
INSERT INTO employer (id, name, location) VALUES (9, 'Pinnacle Solutions', 'Miami');
INSERT INTO employer (id, name, location) VALUES (10, 'NextGen Enterprises', 'Washington D.C.');
INSERT INTO employer (id, name, location) VALUES (11, 'Redwood Development', 'San Diego');
INSERT INTO employer (id, name, location) VALUES (12, 'CyberCore Technologies', 'Denver');
INSERT INTO employer (id, name, location) VALUES (13, 'EcoTrend Industries', 'Phoenix');
INSERT INTO employer (id, name, location) VALUES (14, 'Velocity Innovations', 'Portland');
INSERT INTO employer (id, name, location) VALUES (15, 'FusionTech Solutions', 'Atlanta');
INSERT INTO employer (id, name, location) VALUES (16, 'Titan Engineering', 'Houston');
INSERT INTO employer (id, name, location) VALUES (17, 'Quantum Labs', 'Las Vegas');
INSERT INTO employer (id, name, location) VALUES (18, 'Nova Enterprises', 'Orlando');
INSERT INTO employer (id, name, location) VALUES (19, 'Elite Consulting', 'Salt Lake City');
INSERT INTO employer (id, name, location) VALUES (20, 'Silverstone Solutions', 'Minneapolis');
INSERT INTO employer (id, name, location) VALUES (21, 'Zephyr Technologies', 'Charlotte');
INSERT INTO employer (id, name, location) VALUES (22, 'Alpha Global', 'Philadelphia');
INSERT INTO employer (id, name, location) VALUES (23, 'Summit Digital', 'Indianapolis');
INSERT INTO employer (id, name, location) VALUES (24, 'Oceanic Systems', 'Detroit');
INSERT INTO employer (id, name, location) VALUES (25, 'Blaze Networks', 'Cleveland');
INSERT INTO employer (id, name, location) VALUES (26, 'LaunchCode', 'St. Louis');
INSERT INTO employer (id, name, location) VALUES (27, 'Google', 'Mountain View, CA');
INSERT INTO employer (id, name, location) VALUES (28, 'Apple', 'Cupertino, CA');
INSERT INTO employer (id, name, location) VALUES (29, 'Microsoft', 'Redmond, WA');
INSERT INTO employer (id, name, location) VALUES (30, 'Amazon', 'Seattle, WA');
INSERT INTO employer (id, name, location) VALUES (31, 'Facebook', 'Menlo Park, CA');
INSERT INTO employer (id, name, location) VALUES (32, 'Intel', 'Santa Clara, CA');
INSERT INTO employer (id, name, location) VALUES (33, 'Netflix', 'Los Gatos, CA');
INSERT INTO employer (id, name, location) VALUES (34, 'Adobe', 'San Jose, CA');
INSERT INTO employer (id, name, location) VALUES (35, 'NVIDIA', 'Santa Clara, CA');

INSERT INTO job (id, name, employer_id) VALUES (1, 'Software Developer', 1);
INSERT INTO job (id, name, employer_id) VALUES (2, 'Web Developer', 2);
INSERT INTO job (id, name, employer_id) VALUES (3, 'Front-end Developer', 3);
INSERT INTO job (id, name, employer_id) VALUES (4, 'Back-end Developer', 4);
INSERT INTO job (id, name, employer_id) VALUES (5, 'Full Stack Developer', 5);
INSERT INTO job (id, name, employer_id) VALUES (6, 'Mobile App Developer', 6);
INSERT INTO job (id, name, employer_id) VALUES (7, 'Database Administrator', 7);
INSERT INTO job (id, name, employer_id) VALUES (8, 'DevOps Engineer', 8);
INSERT INTO job (id, name, employer_id) VALUES (9, 'Data Scientist', 9);
INSERT INTO job (id, name, employer_id) VALUES (10, 'Machine Learning Engineer', 10);
INSERT INTO job (id, name, employer_id) VALUES (11, 'AI Researcher', 11);
INSERT INTO job (id, name, employer_id) VALUES (12, 'Cloud Engineer', 12);
INSERT INTO job (id, name, employer_id) VALUES (13, 'Systems Architect', 13);
INSERT INTO job (id, name, employer_id) VALUES (14, 'Embedded Systems Engineer', 14);
INSERT INTO job (id, name, employer_id) VALUES (15, 'Cybersecurity Analyst', 15);
INSERT INTO job (id, name, employer_id) VALUES (16, 'Network Engineer', 16);
INSERT INTO job (id, name, employer_id) VALUES (17, 'Quality Assurance Engineer', 17);
INSERT INTO job (id, name, employer_id) VALUES (18, 'Game Developer', 18);
INSERT INTO job (id, name, employer_id) VALUES (19, 'UI/UX Designer', 19);
INSERT INTO job (id, name, employer_id) VALUES (20, 'Site Reliability Engineer', 20);
INSERT INTO job (id, name, employer_id) VALUES (21, 'IT Support Specialist', 21);
INSERT INTO job (id, name, employer_id) VALUES (22, 'Software Tester', 22);
INSERT INTO job (id, name, employer_id) VALUES (23, 'PHP Developer', 23);
INSERT INTO job (id, name, employer_id) VALUES (24, 'Python Developer', 24);
INSERT INTO job (id, name, employer_id) VALUES (25, 'JavaScript Developer', 26);
INSERT INTO job (id, name, employer_id) VALUES (26, 'JavaScript Developer', 27);
INSERT INTO job (id, name, employer_id) VALUES (27, 'JavaScript Developer', 30);
INSERT INTO job (id, name, employer_id) VALUES (28, 'JavaScript Developer', 30);
INSERT INTO job (id, name, employer_id) VALUES (29, 'JavaScript Developer', 32);
INSERT INTO job (id, name, employer_id) VALUES (30, 'JavaScript Developer', 22);
INSERT INTO job (id, name, employer_id) VALUES (31, 'JavaScript Developer', 32);
INSERT INTO job (id, name, employer_id) VALUES (32, 'JavaScript Developer - Level 1', 26);
INSERT INTO job (id, name, employer_id) VALUES (33, 'JavaScript Developer - Level 2', 26);
INSERT INTO job (id, name, employer_id) VALUES (34, 'JavaScript Developer - Level 3', 26);


INSERT INTO skill (id, name, description) VALUES (1, 'JavaScript', 'A versatile, high-level programming language used for both front-end and back-end web development.');
INSERT INTO skill (id, name, description) VALUES (2, 'Python', 'A popular high-level programming language known for its simplicity and readability, used for web development, data science, AI, and more.');
INSERT INTO skill (id, name, description) VALUES (3, 'Java', 'A widely-used object-oriented programming language that is platform-independent and commonly used for enterprise applications.');
INSERT INTO skill (id, name, description) VALUES (4, 'C++', 'A powerful object-oriented language that is used in systems programming, game development, and performance-critical applications.');
INSERT INTO skill (id, name, description) VALUES (5, 'SQL', 'Structured Query Language used to manage and manipulate relational databases.');
INSERT INTO skill (id, name, description) VALUES (6, 'React', 'A JavaScript library for building user interfaces, primarily used for single-page applications.');
INSERT INTO skill (id, name, description) VALUES (7, 'Node.js', 'A JavaScript runtime built on Chrome\'s V8 engine that allows for server-side scripting and building scalable network applications.');
INSERT INTO skill (id, name, description) VALUES (8, 'HTML', 'The standard markup language used for creating web pages and web applications.');
INSERT INTO skill (id, name, description) VALUES (9, 'CSS', 'A stylesheet language used to describe the presentation of a web page written in HTML or XML.');
INSERT INTO skill (id, name, description) VALUES (10, 'Ruby', 'A dynamic, open-source programming language with a focus on simplicity and productivity, often used for web development.');
INSERT INTO skill (id, name, description) VALUES (11, 'PHP', 'A popular general-purpose scripting language suited for web development and creating dynamic web pages.');
INSERT INTO skill (id, name, description) VALUES (12, 'C#', 'A modern, object-oriented programming language developed by Microsoft, widely used in enterprise software and game development with Unity.');
INSERT INTO skill (id, name, description) VALUES (13, 'Swift', 'A powerful and intuitive programming language for iOS and macOS app development, created by Apple.');
INSERT INTO skill (id, name, description) VALUES (14, 'Kotlin', 'A statically-typed programming language for modern Android development, fully interoperable with Java.');
INSERT INTO skill (id, name, description) VALUES (15, 'Go (Golang)', 'A statically-typed, compiled programming language developed by Google, designed for concurrency and scalability.');
INSERT INTO skill (id, name, description) VALUES (16, 'Rust', 'A systems programming language that runs fast, prevents segfaults, and guarantees memory safety without using a garbage collector.');
INSERT INTO skill (id, name, description) VALUES (17, 'TypeScript', 'A superset of JavaScript that adds static types, helping developers write more robust and maintainable code.');
INSERT INTO skill (id, name, description) VALUES (18, 'Vue.js', 'A progressive JavaScript framework for building user interfaces and single-page applications.');
INSERT INTO skill (id, name, description) VALUES (19, 'Angular', 'A platform and framework for building single-page client applications using HTML and TypeScript.');
INSERT INTO skill (id, name, description) VALUES (20, 'Django', 'A high-level Python web framework that encourages rapid development and clean, pragmatic design.');
INSERT INTO skill (id, name, description) VALUES (21, 'Flask', 'A micro web framework for Python that is lightweight, flexible, and ideal for small web applications.');
INSERT INTO skill (id, name, description) VALUES (22, 'Ruby on Rails', 'A full-stack web application framework written in Ruby, known for convention over configuration.');
INSERT INTO skill (id, name, description) VALUES (23, 'Terraform', 'An open-source infrastructure as code (IaC) software tool that allows users to define and provision infrastructure resources.');
INSERT INTO skill (id, name, description) VALUES (24, 'Docker', 'A platform for developing, shipping, and running applications inside containers, ensuring consistency across environments.');
INSERT INTO skill (id, name, description) VALUES (25, 'GraphQL', 'A query language for APIs and runtime for executing queries by using a type system, often used as an alternative to REST.');

INSERT INTO job_skills (jobs_id,skills_id) VALUES (24,3);
INSERT INTO job_skills (jobs_id,skills_id) VALUES (24,8);
INSERT INTO job_skills (jobs_id,skills_id) VALUES (13,16);
INSERT INTO job_skills (jobs_id,skills_id) VALUES (24,19);
INSERT INTO job_skills (jobs_id,skills_id) VALUES (17,11);
INSERT INTO job_skills (jobs_id,skills_id) VALUES (3,7);
INSERT INTO job_skills (jobs_id,skills_id) VALUES (4,9);
INSERT INTO job_skills (jobs_id,skills_id) VALUES (4,15);
INSERT INTO job_skills (jobs_id,skills_id) VALUES (4,10);
INSERT INTO job_skills (jobs_id,skills_id) VALUES (20,4);
INSERT INTO job_skills (jobs_id,skills_id) VALUES (20,11);
INSERT INTO job_skills (jobs_id,skills_id) VALUES (6,16);
INSERT INTO job_skills (jobs_id,skills_id) VALUES (11,18);
INSERT INTO job_skills (jobs_id,skills_id) VALUES (13,12);
INSERT INTO job_skills (jobs_id,skills_id) VALUES (12,13);
INSERT INTO job_skills (jobs_id,skills_id) VALUES (12,2);
INSERT INTO job_skills (jobs_id,skills_id) VALUES (2,5);
INSERT INTO job_skills (jobs_id,skills_id) VALUES (18,17);
INSERT INTO job_skills (jobs_id,skills_id) VALUES (19,20);
INSERT INTO job_skills (jobs_id,skills_id) VALUES (3,21);
INSERT INTO job_skills (jobs_id,skills_id) VALUES (20,3);
INSERT INTO job_skills (jobs_id,skills_id) VALUES (21,9);
INSERT INTO job_skills (jobs_id,skills_id) VALUES (19,23);
INSERT INTO job_skills (jobs_id,skills_id) VALUES (11,14);
INSERT INTO job_skills (jobs_id,skills_id) VALUES (20,19);
INSERT INTO job_skills (jobs_id,skills_id) VALUES (9,21);
INSERT INTO job_skills (jobs_id,skills_id) VALUES (26,7);
INSERT INTO job_skills (jobs_id,skills_id) VALUES (26,11);
INSERT INTO job_skills (jobs_id,skills_id) VALUES (26,17);
INSERT INTO job_skills (jobs_id,skills_id) VALUES (26,21);
INSERT INTO job_skills (jobs_id,skills_id) VALUES (27,6);
INSERT INTO job_skills (jobs_id,skills_id) VALUES (27,10);
INSERT INTO job_skills (jobs_id,skills_id) VALUES (27,14);
INSERT INTO job_skills (jobs_id,skills_id) VALUES (27,18);
INSERT INTO job_skills (jobs_id,skills_id) VALUES (27,22);
INSERT INTO job_skills (jobs_id,skills_id) VALUES (28,1);
INSERT INTO job_skills (jobs_id,skills_id) VALUES (28,9);
INSERT INTO job_skills (jobs_id,skills_id) VALUES (28,22);
INSERT INTO job_skills (jobs_id,skills_id) VALUES (28,23);
INSERT INTO job_skills (jobs_id,skills_id) VALUES (29,1);
INSERT INTO job_skills (jobs_id,skills_id) VALUES (29,2);
INSERT INTO job_skills (jobs_id,skills_id) VALUES (29,3);
INSERT INTO job_skills (jobs_id,skills_id) VALUES (29,5);
INSERT INTO job_skills (jobs_id,skills_id) VALUES (29,6);
INSERT INTO job_skills (jobs_id,skills_id) VALUES (29,7);
INSERT INTO job_skills (jobs_id,skills_id) VALUES (29,8);
INSERT INTO job_skills (jobs_id,skills_id) VALUES (29,9);
INSERT INTO job_skills (jobs_id,skills_id) VALUES (29,10);
INSERT INTO job_skills (jobs_id,skills_id) VALUES (29,11);
INSERT INTO job_skills (jobs_id,skills_id) VALUES (30,7);
INSERT INTO job_skills (jobs_id,skills_id) VALUES (30,8);
INSERT INTO job_skills (jobs_id,skills_id) VALUES (31,3);
INSERT INTO job_skills (jobs_id,skills_id) VALUES (31,11);
INSERT INTO job_skills (jobs_id,skills_id) VALUES (31,17);
INSERT INTO job_skills (jobs_id,skills_id) VALUES (32,1);
INSERT INTO job_skills (jobs_id,skills_id) VALUES (32,3);
INSERT INTO job_skills (jobs_id,skills_id) VALUES (33,6);
INSERT INTO job_skills (jobs_id,skills_id) VALUES (33,7);
INSERT INTO job_skills (jobs_id,skills_id) VALUES (33,8);